Date,Full_Date_Name,Day_Of_Week,Month_Name,Day_Number_In_Month,Day_Number_In_Year,Is_Last_Day_In_Week,Is_Last_Day_Of_Month,Week_Ending_Date,Week_Number_In_Year,Month_Number_In_Year,Month_Year,Year_Month,Quarter.Year_Quarter,Year,Is_Holiday,Is_Weekday,Major_Event
1999-01-01,"January 1, 1999",Friday,January,1,1,0,0,1999-01-02,1,1,01-1999,1999-01,Q1,1999-Q1,1999,1,1,New Years Day
1999-01-02,"January 2, 1999",Saturday,January,2,2,1,0,1999-01-02,1,1,01-1999,1999-01,Q1,1999-Q1,1999,0,0, no event
1999-01-03,"January 3, 1999",Sunday,January,3,3,0,0,1999-01-09,2,1,01-1999,1999-01,Q1,1999-Q1,1999,0,0, no event
1999-01-04,"January 4, 1999",Monday,January,4,4,0,0,1999-01-09,2,1,01-1999,1999-01,Q1,1999-Q1,1999,0,1, no event
1999-01-05,"January 5, 1999",Tuesday,January,5,5,0,0,1999-01-09,2,1,01-1999,1999-01,Q1,1999-Q1,1999,0,1, no event
1999-01-06,"January 6, 1999",Wednesday,January,6,6,0,0,1999-01-09,2,1,01-1999,1999-01,Q1,1999-Q1,1999,0,1, no event
1999-01-07,"January 7, 1999",Thursday,January,7,7,0,0,1999-01-09,2,1,01-1999,1999-01,Q1,1999-Q1,1999,0,1, no event
1999-01-08,"January 8, 1999",Friday,January,8,8,0,0,1999-01-09,2,1,01-1999,1999-01,Q1,1999-Q1,1999,0,1, no event
1999-01-09,"January 9, 1999",Saturday,January,9,9,1,0,1999-01-09,2,1,01-1999,1999-01,Q1,1999-Q1,1999,0,0, no event
1999-01-10,"January 10, 1999",Sunday,January,10,10,0,0,1999-01-16,3,1,01-1999,1999-01,Q1,1999-Q1,1999,0,0, no event
1999-01-11,"January 11, 1999",Monday,January,11,11,0,0,1999-01-16,3,1,01-1999,1999-01,Q1,1999-Q1,1999,0,1, no event
1999-01-12,"January 12, 1999",Tuesday,January,12,12,0,0,1999-01-16,3,1,01-1999,1999-01,Q1,1999-Q1,1999,0,1, no event
1999-01-13,"January 13, 1999",Wednesday,January,13,13,0,0,1999-01-16,3,1,01-1999,1999-01,Q1,1999-Q1,1999,0,1, no event
1999-01-14,"January 14, 1999",Thursday,January,14,14,0,0,1999-01-16,3,1,01-1999,1999-01,Q1,1999-Q1,1999,0,1, no event
1999-01-15,"January 15, 1999",Friday,January,15,15,0,0,1999-01-16,3,1,01-1999,1999-01,Q1,1999-Q1,1999,0,1, no event
1999-01-16,"January 16, 1999",Saturday,January,16,16,1,0,1999-01-16,3,1,01-1999,1999-01,Q1,1999-Q1,1999,0,0, no event
1999-01-17,"January 17, 1999",Sunday,January,17,17,0,0,1999-01-23,4,1,01-1999,1999-01,Q1,1999-Q1,1999,0,0, no event
1999-01-18,"January 18, 1999",Monday,January,18,18,0,0,1999-01-23,4,1,01-1999,1999-01,Q1,1999-Q1,1999,0,1, no event
1999-01-19,"January 19, 1999",Tuesday,January,19,19,0,0,1999-01-23,4,1,01-1999,1999-01,Q1,1999-Q1,1999,0,1, no event
1999-01-20,"January 20, 1999",Wednesday,January,20,20,0,0,1999-01-23,4,1,01-1999,1999-01,Q1,1999-Q1,1999,0,1, no event
1999-01-21,"January 21, 1999",Thursday,January,21,21,0,0,1999-01-23,4,1,01-1999,1999-01,Q1,1999-Q1,1999,0,1, no event
1999-01-22,"January 22, 1999",Friday,January,22,22,0,0,1999-01-23,4,1,01-1999,1999-01,Q1,1999-Q1,1999,0,1, no event
1999-01-23,"January 23, 1999",Saturday,January,23,23,1,0,1999-01-23,4,1,01-1999,1999-01,Q1,1999-Q1,1999,0,0, no event
1999-01-24,"January 24, 1999",Sunday,January,24,24,0,0,1999-01-30,5,1,01-1999,1999-01,Q1,1999-Q1,1999,0,0, no event
1999-01-25,"January 25, 1999",Monday,January,25,25,0,0,1999-01-30,5,1,01-1999,1999-01,Q1,1999-Q1,1999,0,1, no event
1999-01-26,"January 26, 1999",Tuesday,January,26,26,0,0,1999-01-30,5,1,01-1999,1999-01,Q1,1999-Q1,1999,0,1, no event
1999-01-27,"January 27, 1999",Wednesday,January,27,27,0,0,1999-01-30,5,1,01-1999,1999-01,Q1,1999-Q1,1999,0,1, no event
1999-01-28,"January 28, 1999",Thursday,January,28,28,0,0,1999-01-30,5,1,01-1999,1999-01,Q1,1999-Q1,1999,0,1, no event
1999-01-29,"January 29, 1999",Friday,January,29,29,0,0,1999-01-30,5,1,01-1999,1999-01,Q1,1999-Q1,1999,0,1, no event
1999-01-30,"January 30, 1999",Saturday,January,30,30,1,0,1999-01-30,5,1,01-1999,1999-01,Q1,1999-Q1,1999,0,0, no event
1999-01-31,"January 31, 1999",Sunday,January,31,31,0,1,1999-02-06,6,1,01-1999,1999-01,Q1,1999-Q1,1999,0,0, no event
1999-02-01,"February 1, 1999",Monday,February,1,32,0,0,1999-02-06,6,2,02-1999,1999-02,Q1,1999-Q1,1999,0,1, no event
1999-02-02,"February 2, 1999",Tuesday,February,2,33,0,0,1999-02-06,6,2,02-1999,1999-02,Q1,1999-Q1,1999,0,1, no event
1999-02-03,"February 3, 1999",Wednesday,February,3,34,0,0,1999-02-06,6,2,02-1999,1999-02,Q1,1999-Q1,1999,0,1, no event
1999-02-04,"February 4, 1999",Thursday,February,4,35,0,0,1999-02-06,6,2,02-1999,1999-02,Q1,1999-Q1,1999,0,1, no event
1999-02-05,"February 5, 1999",Friday,February,5,36,0,0,1999-02-06,6,2,02-1999,1999-02,Q1,1999-Q1,1999,0,1, no event
1999-02-06,"February 6, 1999",Saturday,February,6,37,1,0,1999-02-06,6,2,02-1999,1999-02,Q1,1999-Q1,1999,0,0, no event
1999-02-07,"February 7, 1999",Sunday,February,7,38,0,0,1999-02-13,7,2,02-1999,1999-02,Q1,1999-Q1,1999,0,0, no event
1999-02-08,"February 8, 1999",Monday,February,8,39,0,0,1999-02-13,7,2,02-1999,1999-02,Q1,1999-Q1,1999,0,1, no event
1999-02-09,"February 9, 1999",Tuesday,February,9,40,0,0,1999-02-13,7,2,02-1999,1999-02,Q1,1999-Q1,1999,0,1, no event
1999-02-10,"February 10, 1999",Wednesday,February,10,41,0,0,1999-02-13,7,2,02-1999,1999-02,Q1,1999-Q1,1999,0,1, no event
1999-02-11,"February 11, 1999",Thursday,February,11,42,0,0,1999-02-13,7,2,02-1999,1999-02,Q1,1999-Q1,1999,0,1, no event
1999-02-12,"February 12, 1999",Friday,February,12,43,0,0,1999-02-13,7,2,02-1999,1999-02,Q1,1999-Q1,1999,0,1, no event
1999-02-13,"February 13, 1999",Saturday,February,13,44,1,0,1999-02-13,7,2,02-1999,1999-02,Q1,1999-Q1,1999,0,0, no event
1999-02-14,"February 14, 1999",Sunday,February,14,45,0,0,1999-02-20,8,2,02-1999,1999-02,Q1,1999-Q1,1999,0,0, no event
1999-02-15,"February 15, 1999",Monday,February,15,46,0,0,1999-02-20,8,2,02-1999,1999-02,Q1,1999-Q1,1999,1,1,Presidents Day
1999-02-16,"February 16, 1999",Tuesday,February,16,47,0,0,1999-02-20,8,2,02-1999,1999-02,Q1,1999-Q1,1999,0,1, no event
1999-02-17,"February 17, 1999",Wednesday,February,17,48,0,0,1999-02-20,8,2,02-1999,1999-02,Q1,1999-Q1,1999,0,1, no event
1999-02-18,"February 18, 1999",Thursday,February,18,49,0,0,1999-02-20,8,2,02-1999,1999-02,Q1,1999-Q1,1999,0,1, no event
1999-02-19,"February 19, 1999",Friday,February,19,50,0,0,1999-02-20,8,2,02-1999,1999-02,Q1,1999-Q1,1999,0,1, no event
1999-02-20,"February 20, 1999",Saturday,February,20,51,1,0,1999-02-20,8,2,02-1999,1999-02,Q1,1999-Q1,1999,0,0, no event
1999-02-21,"February 21, 1999",Sunday,February,21,52,0,0,1999-02-27,9,2,02-1999,1999-02,Q1,1999-Q1,1999,0,0, no event
1999-02-22,"February 22, 1999",Monday,February,22,53,0,0,1999-02-27,9,2,02-1999,1999-02,Q1,1999-Q1,1999,0,1, no event
1999-02-23,"February 23, 1999",Tuesday,February,23,54,0,0,1999-02-27,9,2,02-1999,1999-02,Q1,1999-Q1,1999,0,1, no event
1999-02-24,"February 24, 1999",Wednesday,February,24,55,0,0,1999-02-27,9,2,02-1999,1999-02,Q1,1999-Q1,1999,0,1, no event
1999-02-25,"February 25, 1999",Thursday,February,25,56,0,0,1999-02-27,9,2,02-1999,1999-02,Q1,1999-Q1,1999,0,1, no event
1999-02-26,"February 26, 1999",Friday,February,26,57,0,0,1999-02-27,9,2,02-1999,1999-02,Q1,1999-Q1,1999,0,1, no event
1999-02-27,"February 27, 1999",Saturday,February,27,58,1,0,1999-02-27,9,2,02-1999,1999-02,Q1,1999-Q1,1999,0,0, no event
1999-02-28,"February 28, 1999",Sunday,February,28,59,0,1,1999-03-06,10,2,02-1999,1999-02,Q1,1999-Q1,1999,0,0, no event
1999-03-01,"March 1, 1999",Monday,March,1,60,0,0,1999-03-06,10,3,03-1999,1999-03,Q1,1999-Q1,1999,0,1, no event
1999-03-02,"March 2, 1999",Tuesday,March,2,61,0,0,1999-03-06,10,3,03-1999,1999-03,Q1,1999-Q1,1999,0,1, no event
1999-03-03,"March 3, 1999",Wednesday,March,3,62,0,0,1999-03-06,10,3,03-1999,1999-03,Q1,1999-Q1,1999,0,1, no event
1999-03-04,"March 4, 1999",Thursday,March,4,63,0,0,1999-03-06,10,3,03-1999,1999-03,Q1,1999-Q1,1999,0,1, no event
1999-03-05,"March 5, 1999",Friday,March,5,64,0,0,1999-03-06,10,3,03-1999,1999-03,Q1,1999-Q1,1999,0,1, no event
1999-03-06,"March 6, 1999",Saturday,March,6,65,1,0,1999-03-06,10,3,03-1999,1999-03,Q1,1999-Q1,1999,0,0, no event
1999-03-07,"March 7, 1999",Sunday,March,7,66,0,0,1999-03-13,11,3,03-1999,1999-03,Q1,1999-Q1,1999,0,0, no event
1999-03-08,"March 8, 1999",Monday,March,8,67,0,0,1999-03-13,11,3,03-1999,1999-03,Q1,1999-Q1,1999,0,1, no event
1999-03-09,"March 9, 1999",Tuesday,March,9,68,0,0,1999-03-13,11,3,03-1999,1999-03,Q1,1999-Q1,1999,0,1, no event
1999-03-10,"March 10, 1999",Wednesday,March,10,69,0,0,1999-03-13,11,3,03-1999,1999-03,Q1,1999-Q1,1999,0,1, no event
1999-03-11,"March 11, 1999",Thursday,March,11,70,0,0,1999-03-13,11,3,03-1999,1999-03,Q1,1999-Q1,1999,0,1, no event
1999-03-12,"March 12, 1999",Friday,March,12,71,0,0,1999-03-13,11,3,03-1999,1999-03,Q1,1999-Q1,1999,0,1, no event
1999-03-13,"March 13, 1999",Saturday,March,13,72,1,0,1999-03-13,11,3,03-1999,1999-03,Q1,1999-Q1,1999,0,0, no event
1999-03-14,"March 14, 1999",Sunday,March,14,73,0,0,1999-03-20,12,3,03-1999,1999-03,Q1,1999-Q1,1999,0,0, no event
1999-03-15,"March 15, 1999",Monday,March,15,74,0,0,1999-03-20,12,3,03-1999,1999-03,Q1,1999-Q1,1999,0,1, no event
1999-03-16,"March 16, 1999",Tuesday,March,16,75,0,0,1999-03-20,12,3,03-1999,1999-03,Q1,1999-Q1,1999,0,1, no event
1999-03-17,"March 17, 1999",Wednesday,March,17,76,0,0,1999-03-20,12,3,03-1999,1999-03,Q1,1999-Q1,1999,0,1, no event
1999-03-18,"March 18, 1999",Thursday,March,18,77,0,0,1999-03-20,12,3,03-1999,1999-03,Q1,1999-Q1,1999,0,1, no event
1999-03-19,"March 19, 1999",Friday,March,19,78,0,0,1999-03-20,12,3,03-1999,1999-03,Q1,1999-Q1,1999,0,1, no event
1999-03-20,"March 20, 1999",Saturday,March,20,79,1,0,1999-03-20,12,3,03-1999,1999-03,Q1,1999-Q1,1999,0,0, no event
1999-03-21,"March 21, 1999",Sunday,March,21,80,0,0,1999-03-27,13,3,03-1999,1999-03,Q1,1999-Q1,1999,0,0, no event
1999-03-22,"March 22, 1999",Monday,March,22,81,0,0,1999-03-27,13,3,03-1999,1999-03,Q1,1999-Q1,1999,0,1, no event
1999-03-23,"March 23, 1999",Tuesday,March,23,82,0,0,1999-03-27,13,3,03-1999,1999-03,Q1,1999-Q1,1999,0,1, no event
1999-03-24,"March 24, 1999",Wednesday,March,24,83,0,0,1999-03-27,13,3,03-1999,1999-03,Q1,1999-Q1,1999,0,1, no event
1999-03-25,"March 25, 1999",Thursday,March,25,84,0,0,1999-03-27,13,3,03-1999,1999-03,Q1,1999-Q1,1999,0,1, no event
1999-03-26,"March 26, 1999",Friday,March,26,85,0,0,1999-03-27,13,3,03-1999,1999-03,Q1,1999-Q1,1999,0,1, no event
1999-03-27,"March 27, 1999",Saturday,March,27,86,1,0,1999-03-27,13,3,03-1999,1999-03,Q1,1999-Q1,1999,0,0, no event
1999-03-28,"March 28, 1999",Sunday,March,28,87,0,0,1999-04-03,14,3,03-1999,1999-03,Q1,1999-Q1,1999,0,0, no event
1999-03-29,"March 29, 1999",Monday,March,29,88,0,0,1999-04-03,14,3,03-1999,1999-03,Q1,1999-Q1,1999,0,1, no event
1999-03-30,"March 30, 1999",Tuesday,March,30,89,0,0,1999-04-03,14,3,03-1999,1999-03,Q1,1999-Q1,1999,0,1, no event
1999-03-31,"March 31, 1999",Wednesday,March,31,90,0,1,1999-04-03,14,3,03-1999,1999-03,Q1,1999-Q1,1999,0,1, no event
1999-04-01,"April 1, 1999",Thursday,April,1,91,0,0,1999-04-03,14,4,04-1999,1999-04,Q2,1999-Q2,1999,0,1, no event
1999-04-02,"April 2, 1999",Friday,April,2,92,0,0,1999-04-03,14,4,04-1999,1999-04,Q2,1999-Q2,1999,1,1,Good Friday
1999-04-03,"April 3, 1999",Saturday,April,3,93,1,0,1999-04-03,14,4,04-1999,1999-04,Q2,1999-Q2,1999,0,0, no event
1999-04-04,"April 4, 1999",Sunday,April,4,94,0,0,1999-04-10,15,4,04-1999,1999-04,Q2,1999-Q2,1999,0,0, no event
1999-04-05,"April 5, 1999",Monday,April,5,95,0,0,1999-04-10,15,4,04-1999,1999-04,Q2,1999-Q2,1999,0,1, no event
1999-04-06,"April 6, 1999",Tuesday,April,6,96,0,0,1999-04-10,15,4,04-1999,1999-04,Q2,1999-Q2,1999,0,1, no event
1999-04-07,"April 7, 1999",Wednesday,April,7,97,0,0,1999-04-10,15,4,04-1999,1999-04,Q2,1999-Q2,1999,0,1, no event
1999-04-08,"April 8, 1999",Thursday,April,8,98,0,0,1999-04-10,15,4,04-1999,1999-04,Q2,1999-Q2,1999,0,1, no event
1999-04-09,"April 9, 1999",Friday,April,9,99,0,0,1999-04-10,15,4,04-1999,1999-04,Q2,1999-Q2,1999,0,1, no event
1999-04-10,"April 10, 1999",Saturday,April,10,100,1,0,1999-04-10,15,4,04-1999,1999-04,Q2,1999-Q2,1999,0,0, no event
1999-04-11,"April 11, 1999",Sunday,April,11,101,0,0,1999-04-17,16,4,04-1999,1999-04,Q2,1999-Q2,1999,0,0, no event
1999-04-12,"April 12, 1999",Monday,April,12,102,0,0,1999-04-17,16,4,04-1999,1999-04,Q2,1999-Q2,1999,0,1, no event
1999-04-13,"April 13, 1999",Tuesday,April,13,103,0,0,1999-04-17,16,4,04-1999,1999-04,Q2,1999-Q2,1999,0,1, no event
1999-04-14,"April 14, 1999",Wednesday,April,14,104,0,0,1999-04-17,16,4,04-1999,1999-04,Q2,1999-Q2,1999,0,1, no event
1999-04-15,"April 15, 1999",Thursday,April,15,105,0,0,1999-04-17,16,4,04-1999,1999-04,Q2,1999-Q2,1999,0,1, no event
1999-04-16,"April 16, 1999",Friday,April,16,106,0,0,1999-04-17,16,4,04-1999,1999-04,Q2,1999-Q2,1999,0,1, no event
1999-04-17,"April 17, 1999",Saturday,April,17,107,1,0,1999-04-17,16,4,04-1999,1999-04,Q2,1999-Q2,1999,0,0, no event
1999-04-18,"April 18, 1999",Sunday,April,18,108,0,0,1999-04-24,17,4,04-1999,1999-04,Q2,1999-Q2,1999,0,0, no event
1999-04-19,"April 19, 1999",Monday,April,19,109,0,0,1999-04-24,17,4,04-1999,1999-04,Q2,1999-Q2,1999,0,1, no event
1999-04-20,"April 20, 1999",Tuesday,April,20,110,0,0,1999-04-24,17,4,04-1999,1999-04,Q2,1999-Q2,1999,0,1, no event
1999-04-21,"April 21, 1999",Wednesday,April,21,111,0,0,1999-04-24,17,4,04-1999,1999-04,Q2,1999-Q2,1999,0,1, no event
1999-04-22,"April 22, 1999",Thursday,April,22,112,0,0,1999-04-24,17,4,04-1999,1999-04,Q2,1999-Q2,1999,0,1, no event
1999-04-23,"April 23, 1999",Friday,April,23,113,0,0,1999-04-24,17,4,04-1999,1999-04,Q2,1999-Q2,1999,0,1, no event
1999-04-24,"April 24, 1999",Saturday,April,24,114,1,0,1999-04-24,17,4,04-1999,1999-04,Q2,1999-Q2,1999,0,0, no event
1999-04-25,"April 25, 1999",Sunday,April,25,115,0,0,1999-05-01,18,4,04-1999,1999-04,Q2,1999-Q2,1999,0,0, no event
1999-04-26,"April 26, 1999",Monday,April,26,116,0,0,1999-05-01,18,4,04-1999,1999-04,Q2,1999-Q2,1999,0,1, no event
1999-04-27,"April 27, 1999",Tuesday,April,27,117,0,0,1999-05-01,18,4,04-1999,1999-04,Q2,1999-Q2,1999,0,1, no event
1999-04-28,"April 28, 1999",Wednesday,April,28,118,0,0,1999-05-01,18,4,04-1999,1999-04,Q2,1999-Q2,1999,0,1, no event
1999-04-29,"April 29, 1999",Thursday,April,29,119,0,0,1999-05-01,18,4,04-1999,1999-04,Q2,1999-Q2,1999,0,1, no event
1999-04-30,"April 30, 1999",Friday,April,30,120,0,1,1999-05-01,18,4,04-1999,1999-04,Q2,1999-Q2,1999,0,1, no event
1999-05-01,"May 1, 1999",Saturday,May,1,121,1,0,1999-05-01,18,5,05-1999,1999-05,Q2,1999-Q2,1999,0,0, no event
1999-05-02,"May 2, 1999",Sunday,May,2,122,0,0,1999-05-08,19,5,05-1999,1999-05,Q2,1999-Q2,1999,0,0, no event
1999-05-03,"May 3, 1999",Monday,May,3,123,0,0,1999-05-08,19,5,05-1999,1999-05,Q2,1999-Q2,1999,0,1, no event
1999-05-04,"May 4, 1999",Tuesday,May,4,124,0,0,1999-05-08,19,5,05-1999,1999-05,Q2,1999-Q2,1999,0,1, no event
1999-05-05,"May 5, 1999",Wednesday,May,5,125,0,0,1999-05-08,19,5,05-1999,1999-05,Q2,1999-Q2,1999,0,1, no event
1999-05-06,"May 6, 1999",Thursday,May,6,126,0,0,1999-05-08,19,5,05-1999,1999-05,Q2,1999-Q2,1999,0,1, no event
1999-05-07,"May 7, 1999",Friday,May,7,127,0,0,1999-05-08,19,5,05-1999,1999-05,Q2,1999-Q2,1999,0,1, no event
1999-05-08,"May 8, 1999",Saturday,May,8,128,1,0,1999-05-08,19,5,05-1999,1999-05,Q2,1999-Q2,1999,0,0, no event
1999-05-09,"May 9, 1999",Sunday,May,9,129,0,0,1999-05-15,20,5,05-1999,1999-05,Q2,1999-Q2,1999,0,0, no event
1999-05-10,"May 10, 1999",Monday,May,10,130,0,0,1999-05-15,20,5,05-1999,1999-05,Q2,1999-Q2,1999,0,1, no event
1999-05-11,"May 11, 1999",Tuesday,May,11,131,0,0,1999-05-15,20,5,05-1999,1999-05,Q2,1999-Q2,1999,0,1, no event
1999-05-12,"May 12, 1999",Wednesday,May,12,132,0,0,1999-05-15,20,5,05-1999,1999-05,Q2,1999-Q2,1999,0,1, no event
1999-05-13,"May 13, 1999",Thursday,May,13,133,0,0,1999-05-15,20,5,05-1999,1999-05,Q2,1999-Q2,1999,0,1, no event
1999-05-14,"May 14, 1999",Friday,May,14,134,0,0,1999-05-15,20,5,05-1999,1999-05,Q2,1999-Q2,1999,0,1, no event
1999-05-15,"May 15, 1999",Saturday,May,15,135,1,0,1999-05-15,20,5,05-1999,1999-05,Q2,1999-Q2,1999,0,0, no event
1999-05-16,"May 16, 1999",Sunday,May,16,136,0,0,1999-05-22,21,5,05-1999,1999-05,Q2,1999-Q2,1999,0,0, no event
1999-05-17,"May 17, 1999",Monday,May,17,137,0,0,1999-05-22,21,5,05-1999,1999-05,Q2,1999-Q2,1999,0,1, no event
1999-05-18,"May 18, 1999",Tuesday,May,18,138,0,0,1999-05-22,21,5,05-1999,1999-05,Q2,1999-Q2,1999,0,1, no event
1999-05-19,"May 19, 1999",Wednesday,May,19,139,0,0,1999-05-22,21,5,05-1999,1999-05,Q2,1999-Q2,1999,0,1, no event
1999-05-20,"May 20, 1999",Thursday,May,20,140,0,0,1999-05-22,21,5,05-1999,1999-05,Q2,1999-Q2,1999,0,1, no event
1999-05-21,"May 21, 1999",Friday,May,21,141,0,0,1999-05-22,21,5,05-1999,1999-05,Q2,1999-Q2,1999,0,1, no event
1999-05-22,"May 22, 1999",Saturday,May,22,142,1,0,1999-05-22,21,5,05-1999,1999-05,Q2,1999-Q2,1999,0,0, no event
1999-05-23,"May 23, 1999",Sunday,May,23,143,0,0,1999-05-29,22,5,05-1999,1999-05,Q2,1999-Q2,1999,0,0, no event
1999-05-24,"May 24, 1999",Monday,May,24,144,0,0,1999-05-29,22,5,05-1999,1999-05,Q2,1999-Q2,1999,0,1, no event
1999-05-25,"May 25, 1999",Tuesday,May,25,145,0,0,1999-05-29,22,5,05-1999,1999-05,Q2,1999-Q2,1999,0,1, no event
1999-05-26,"May 26, 1999",Wednesday,May,26,146,0,0,1999-05-29,22,5,05-1999,1999-05,Q2,1999-Q2,1999,0,1, no event
1999-05-27,"May 27, 1999",Thursday,May,27,147,0,0,1999-05-29,22,5,05-1999,1999-05,Q2,1999-Q2,1999,0,1, no event
1999-05-28,"May 28, 1999",Friday,May,28,148,0,0,1999-05-29,22,5,05-1999,1999-05,Q2,1999-Q2,1999,0,1, no event
1999-05-29,"May 29, 1999",Saturday,May,29,149,1,0,1999-05-29,22,5,05-1999,1999-05,Q2,1999-Q2,1999,0,0, no event
1999-05-30,"May 30, 1999",Sunday,May,30,150,0,0,1999-06-05,23,5,05-1999,1999-05,Q2,1999-Q2,1999,0,0, no event
1999-05-31,"May 31, 1999",Monday,May,31,151,0,1,1999-06-05,23,5,05-1999,1999-05,Q2,1999-Q2,1999,1,1,Memorial Day
1999-06-01,"June 1, 1999",Tuesday,June,1,152,0,0,1999-06-05,23,6,06-1999,1999-06,Q2,1999-Q2,1999,0,1, no event
1999-06-02,"June 2, 1999",Wednesday,June,2,153,0,0,1999-06-05,23,6,06-1999,1999-06,Q2,1999-Q2,1999,0,1, no event
1999-06-03,"June 3, 1999",Thursday,June,3,154,0,0,1999-06-05,23,6,06-1999,1999-06,Q2,1999-Q2,1999,0,1, no event
1999-06-04,"June 4, 1999",Friday,June,4,155,0,0,1999-06-05,23,6,06-1999,1999-06,Q2,1999-Q2,1999,0,1, no event
1999-06-05,"June 5, 1999",Saturday,June,5,156,1,0,1999-06-05,23,6,06-1999,1999-06,Q2,1999-Q2,1999,0,0, no event
1999-06-06,"June 6, 1999",Sunday,June,6,157,0,0,1999-06-12,24,6,06-1999,1999-06,Q2,1999-Q2,1999,0,0, no event
1999-06-07,"June 7, 1999",Monday,June,7,158,0,0,1999-06-12,24,6,06-1999,1999-06,Q2,1999-Q2,1999,0,1, no event
1999-06-08,"June 8, 1999",Tuesday,June,8,159,0,0,1999-06-12,24,6,06-1999,1999-06,Q2,1999-Q2,1999,0,1, no event
1999-06-09,"June 9, 1999",Wednesday,June,9,160,0,0,1999-06-12,24,6,06-1999,1999-06,Q2,1999-Q2,1999,0,1, no event
1999-06-10,"June 10, 1999",Thursday,June,10,161,0,0,1999-06-12,24,6,06-1999,1999-06,Q2,1999-Q2,1999,0,1, no event
1999-06-11,"June 11, 1999",Friday,June,11,162,0,0,1999-06-12,24,6,06-1999,1999-06,Q2,1999-Q2,1999,0,1, no event
1999-06-12,"June 12, 1999",Saturday,June,12,163,1,0,1999-06-12,24,6,06-1999,1999-06,Q2,1999-Q2,1999,0,0, no event
1999-06-13,"June 13, 1999",Sunday,June,13,164,0,0,1999-06-19,25,6,06-1999,1999-06,Q2,1999-Q2,1999,0,0, no event
1999-06-14,"June 14, 1999",Monday,June,14,165,0,0,1999-06-19,25,6,06-1999,1999-06,Q2,1999-Q2,1999,0,1, no event
1999-06-15,"June 15, 1999",Tuesday,June,15,166,0,0,1999-06-19,25,6,06-1999,1999-06,Q2,1999-Q2,1999,0,1, no event
1999-06-16,"June 16, 1999",Wednesday,June,16,167,0,0,1999-06-19,25,6,06-1999,1999-06,Q2,1999-Q2,1999,0,1, no event
1999-06-17,"June 17, 1999",Thursday,June,17,168,0,0,1999-06-19,25,6,06-1999,1999-06,Q2,1999-Q2,1999,0,1, no event
1999-06-18,"June 18, 1999",Friday,June,18,169,0,0,1999-06-19,25,6,06-1999,1999-06,Q2,1999-Q2,1999,0,1, no event
1999-06-19,"June 19, 1999",Saturday,June,19,170,1,0,1999-06-19,25,6,06-1999,1999-06,Q2,1999-Q2,1999,0,0, no event
1999-06-20,"June 20, 1999",Sunday,June,20,171,0,0,1999-06-26,26,6,06-1999,1999-06,Q2,1999-Q2,1999,0,0, no event
1999-06-21,"June 21, 1999",Monday,June,21,172,0,0,1999-06-26,26,6,06-1999,1999-06,Q2,1999-Q2,1999,0,1, no event
1999-06-22,"June 22, 1999",Tuesday,June,22,173,0,0,1999-06-26,26,6,06-1999,1999-06,Q2,1999-Q2,1999,0,1, no event
1999-06-23,"June 23, 1999",Wednesday,June,23,174,0,0,1999-06-26,26,6,06-1999,1999-06,Q2,1999-Q2,1999,0,1, no event
1999-06-24,"June 24, 1999",Thursday,June,24,175,0,0,1999-06-26,26,6,06-1999,1999-06,Q2,1999-Q2,1999,0,1, no event
1999-06-25,"June 25, 1999",Friday,June,25,176,0,0,1999-06-26,26,6,06-1999,1999-06,Q2,1999-Q2,1999,0,1, no event
1999-06-26,"June 26, 1999",Saturday,June,26,177,1,0,1999-06-26,26,6,06-1999,1999-06,Q2,1999-Q2,1999,0,0, no event
1999-06-27,"June 27, 1999",Sunday,June,27,178,0,0,1999-07-03,27,6,06-1999,1999-06,Q2,1999-Q2,1999,0,0, no event
1999-06-28,"June 28, 1999",Monday,June,28,179,0,0,1999-07-03,27,6,06-1999,1999-06,Q2,1999-Q2,1999,0,1, no event
1999-06-29,"June 29, 1999",Tuesday,June,29,180,0,0,1999-07-03,27,6,06-1999,1999-06,Q2,1999-Q2,1999,0,1, no event
1999-06-30,"June 30, 1999",Wednesday,June,30,181,0,1,1999-07-03,27,6,06-1999,1999-06,Q2,1999-Q2,1999,0,1, no event
1999-07-01,"July 1, 1999",Thursday,July,1,182,0,0,1999-07-03,27,7,07-1999,1999-07,Q3,1999-Q3,1999,0,1, no event
1999-07-02,"July 2, 1999",Friday,July,2,183,0,0,1999-07-03,27,7,07-1999,1999-07,Q3,1999-Q3,1999,0,1, no event
1999-07-03,"July 3, 1999",Saturday,July,3,184,1,0,1999-07-03,27,7,07-1999,1999-07,Q3,1999-Q3,1999,0,0, no event
1999-07-04,"July 4, 1999",Sunday,July,4,185,0,0,1999-07-10,28,7,07-1999,1999-07,Q3,1999-Q3,1999,1,0,Independence Day
1999-07-05,"July 5, 1999",Monday,July,5,186,0,0,1999-07-10,28,7,07-1999,1999-07,Q3,1999-Q3,1999,1,1,Independence Day Observed
1999-07-06,"July 6, 1999",Tuesday,July,6,187,0,0,1999-07-10,28,7,07-1999,1999-07,Q3,1999-Q3,1999,0,1, no event
1999-07-07,"July 7, 1999",Wednesday,July,7,188,0,0,1999-07-10,28,7,07-1999,1999-07,Q3,1999-Q3,1999,0,1, no event
1999-07-08,"July 8, 1999",Thursday,July,8,189,0,0,1999-07-10,28,7,07-1999,1999-07,Q3,1999-Q3,1999,0,1, no event
1999-07-09,"July 9, 1999",Friday,July,9,190,0,0,1999-07-10,28,7,07-1999,1999-07,Q3,1999-Q3,1999,0,1, no event
1999-07-10,"July 10, 1999",Saturday,July,10,191,1,0,1999-07-10,28,7,07-1999,1999-07,Q3,1999-Q3,1999,0,0, no event
1999-07-11,"July 11, 1999",Sunday,July,11,192,0,0,1999-07-17,29,7,07-1999,1999-07,Q3,1999-Q3,1999,0,0, no event
1999-07-12,"July 12, 1999",Monday,July,12,193,0,0,1999-07-17,29,7,07-1999,1999-07,Q3,1999-Q3,1999,0,1, no event
1999-07-13,"July 13, 1999",Tuesday,July,13,194,0,0,1999-07-17,29,7,07-1999,1999-07,Q3,1999-Q3,1999,0,1, no event
1999-07-14,"July 14, 1999",Wednesday,July,14,195,0,0,1999-07-17,29,7,07-1999,1999-07,Q3,1999-Q3,1999,0,1, no event
1999-07-15,"July 15, 1999",Thursday,July,15,196,0,0,1999-07-17,29,7,07-1999,1999-07,Q3,1999-Q3,1999,0,1, no event
1999-07-16,"July 16, 1999",Friday,July,16,197,0,0,1999-07-17,29,7,07-1999,1999-07,Q3,1999-Q3,1999,0,1, no event
1999-07-17,"July 17, 1999",Saturday,July,17,198,1,0,1999-07-17,29,7,07-1999,1999-07,Q3,1999-Q3,1999,0,0, no event
1999-07-18,"July 18, 1999",Sunday,July,18,199,0,0,1999-07-24,30,7,07-1999,1999-07,Q3,1999-Q3,1999,0,0, no event
1999-07-19,"July 19, 1999",Monday,July,19,200,0,0,1999-07-24,30,7,07-1999,1999-07,Q3,1999-Q3,1999,0,1, no event
1999-07-20,"July 20, 1999",Tuesday,July,20,201,0,0,1999-07-24,30,7,07-1999,1999-07,Q3,1999-Q3,1999,0,1, no event
1999-07-21,"July 21, 1999",Wednesday,July,21,202,0,0,1999-07-24,30,7,07-1999,1999-07,Q3,1999-Q3,1999,0,1, no event
1999-07-22,"July 22, 1999",Thursday,July,22,203,0,0,1999-07-24,30,7,07-1999,1999-07,Q3,1999-Q3,1999,0,1, no event
1999-07-23,"July 23, 1999",Friday,July,23,204,0,0,1999-07-24,30,7,07-1999,1999-07,Q3,1999-Q3,1999,0,1, no event
1999-07-24,"July 24, 1999",Saturday,July,24,205,1,0,1999-07-24,30,7,07-1999,1999-07,Q3,1999-Q3,1999,0,0, no event
1999-07-25,"July 25, 1999",Sunday,July,25,206,0,0,1999-07-31,31,7,07-1999,1999-07,Q3,1999-Q3,1999,0,0, no event
1999-07-26,"July 26, 1999",Monday,July,26,207,0,0,1999-07-31,31,7,07-1999,1999-07,Q3,1999-Q3,1999,0,1, no event
1999-07-27,"July 27, 1999",Tuesday,July,27,208,0,0,1999-07-31,31,7,07-1999,1999-07,Q3,1999-Q3,1999,0,1, no event
1999-07-28,"July 28, 1999",Wednesday,July,28,209,0,0,1999-07-31,31,7,07-1999,1999-07,Q3,1999-Q3,1999,0,1, no event
1999-07-29,"July 29, 1999",Thursday,July,29,210,0,0,1999-07-31,31,7,07-1999,1999-07,Q3,1999-Q3,1999,0,1, no event
1999-07-30,"July 30, 1999",Friday,July,30,211,0,0,1999-07-31,31,7,07-1999,1999-07,Q3,1999-Q3,1999,0,1, no event
1999-07-31,"July 31, 1999",Saturday,July,31,212,1,1,1999-07-31,31,7,07-1999,1999-07,Q3,1999-Q3,1999,0,0, no event
1999-08-01,"August 1, 1999",Sunday,August,1,213,0,0,1999-08-07,32,8,08-1999,1999-08,Q3,1999-Q3,1999,0,0, no event
1999-08-02,"August 2, 1999",Monday,August,2,214,0,0,1999-08-07,32,8,08-1999,1999-08,Q3,1999-Q3,1999,0,1, no event
1999-08-03,"August 3, 1999",Tuesday,August,3,215,0,0,1999-08-07,32,8,08-1999,1999-08,Q3,1999-Q3,1999,0,1, no event
1999-08-04,"August 4, 1999",Wednesday,August,4,216,0,0,1999-08-07,32,8,08-1999,1999-08,Q3,1999-Q3,1999,0,1, no event
1999-08-05,"August 5, 1999",Thursday,August,5,217,0,0,1999-08-07,32,8,08-1999,1999-08,Q3,1999-Q3,1999,0,1, no event
1999-08-06,"August 6, 1999",Friday,August,6,218,0,0,1999-08-07,32,8,08-1999,1999-08,Q3,1999-Q3,1999,0,1, no event
1999-08-07,"August 7, 1999",Saturday,August,7,219,1,0,1999-08-07,32,8,08-1999,1999-08,Q3,1999-Q3,1999,0,0, no event
1999-08-08,"August 8, 1999",Sunday,August,8,220,0,0,1999-08-14,33,8,08-1999,1999-08,Q3,1999-Q3,1999,0,0, no event
1999-08-09,"August 9, 1999",Monday,August,9,221,0,0,1999-08-14,33,8,08-1999,1999-08,Q3,1999-Q3,1999,0,1, no event
1999-08-10,"August 10, 1999",Tuesday,August,10,222,0,0,1999-08-14,33,8,08-1999,1999-08,Q3,1999-Q3,1999,0,1, no event
1999-08-11,"August 11, 1999",Wednesday,August,11,223,0,0,1999-08-14,33,8,08-1999,1999-08,Q3,1999-Q3,1999,0,1, no event
1999-08-12,"August 12, 1999",Thursday,August,12,224,0,0,1999-08-14,33,8,08-1999,1999-08,Q3,1999-Q3,1999,0,1, no event
1999-08-13,"August 13, 1999",Friday,August,13,225,0,0,1999-08-14,33,8,08-1999,1999-08,Q3,1999-Q3,1999,0,1, no event
1999-08-14,"August 14, 1999",Saturday,August,14,226,1,0,1999-08-14,33,8,08-1999,1999-08,Q3,1999-Q3,1999,0,0, no event
1999-08-15,"August 15, 1999",Sunday,August,15,227,0,0,1999-08-21,34,8,08-1999,1999-08,Q3,1999-Q3,1999,0,0, no event
1999-08-16,"August 16, 1999",Monday,August,16,228,0,0,1999-08-21,34,8,08-1999,1999-08,Q3,1999-Q3,1999,0,1, no event
1999-08-17,"August 17, 1999",Tuesday,August,17,229,0,0,1999-08-21,34,8,08-1999,1999-08,Q3,1999-Q3,1999,0,1, no event
1999-08-18,"August 18, 1999",Wednesday,August,18,230,0,0,1999-08-21,34,8,08-1999,1999-08,Q3,1999-Q3,1999,0,1, no event
1999-08-19,"August 19, 1999",Thursday,August,19,231,0,0,1999-08-21,34,8,08-1999,1999-08,Q3,1999-Q3,1999,0,1, no event
1999-08-20,"August 20, 1999",Friday,August,20,232,0,0,1999-08-21,34,8,08-1999,1999-08,Q3,1999-Q3,1999,0,1, no event
1999-08-21,"August 21, 1999",Saturday,August,21,233,1,0,1999-08-21,34,8,08-1999,1999-08,Q3,1999-Q3,1999,0,0, no event
1999-08-22,"August 22, 1999",Sunday,August,22,234,0,0,1999-08-28,35,8,08-1999,1999-08,Q3,1999-Q3,1999,0,0, no event
1999-08-23,"August 23, 1999",Monday,August,23,235,0,0,1999-08-28,35,8,08-1999,1999-08,Q3,1999-Q3,1999,0,1, no event
1999-08-24,"August 24, 1999",Tuesday,August,24,236,0,0,1999-08-28,35,8,08-1999,1999-08,Q3,1999-Q3,1999,0,1, no event
1999-08-25,"August 25, 1999",Wednesday,August,25,237,0,0,1999-08-28,35,8,08-1999,1999-08,Q3,1999-Q3,1999,0,1, no event
1999-08-26,"August 26, 1999",Thursday,August,26,238,0,0,1999-08-28,35,8,08-1999,1999-08,Q3,1999-Q3,1999,0,1, no event
1999-08-27,"August 27, 1999",Friday,August,27,239,0,0,1999-08-28,35,8,08-1999,1999-08,Q3,1999-Q3,1999,0,1, no event
1999-08-28,"August 28, 1999",Saturday,August,28,240,1,0,1999-08-28,35,8,08-1999,1999-08,Q3,1999-Q3,1999,0,0, no event
1999-08-29,"August 29, 1999",Sunday,August,29,241,0,0,1999-09-04,36,8,08-1999,1999-08,Q3,1999-Q3,1999,0,0, no event
1999-08-30,"August 30, 1999",Monday,August,30,242,0,0,1999-09-04,36,8,08-1999,1999-08,Q3,1999-Q3,1999,0,1, no event
1999-08-31,"August 31, 1999",Tuesday,August,31,243,0,1,1999-09-04,36,8,08-1999,1999-08,Q3,1999-Q3,1999,0,1, no event
1999-09-01,"September 1, 1999",Wednesday,September,1,244,0,0,1999-09-04,36,9,09-1999,1999-09,Q3,1999-Q3,1999,0,1, no event
1999-09-02,"September 2, 1999",Thursday,September,2,245,0,0,1999-09-04,36,9,09-1999,1999-09,Q3,1999-Q3,1999,0,1, no event
1999-09-03,"September 3, 1999",Friday,September,3,246,0,0,1999-09-04,36,9,09-1999,1999-09,Q3,1999-Q3,1999,0,1, no event
1999-09-04,"September 4, 1999",Saturday,September,4,247,1,0,1999-09-04,36,9,09-1999,1999-09,Q3,1999-Q3,1999,0,0, no event
1999-09-05,"September 5, 1999",Sunday,September,5,248,0,0,1999-09-11,37,9,09-1999,1999-09,Q3,1999-Q3,1999,0,0, no event
1999-09-06,"September 6, 1999",Monday,September,6,249,0,0,1999-09-11,37,9,09-1999,1999-09,Q3,1999-Q3,1999,1,1,Labor Day
1999-09-07,"September 7, 1999",Tuesday,September,7,250,0,0,1999-09-11,37,9,09-1999,1999-09,Q3,1999-Q3,1999,0,1, no event
1999-09-08,"September 8, 1999",Wednesday,September,8,251,0,0,1999-09-11,37,9,09-1999,1999-09,Q3,1999-Q3,1999,0,1, no event
1999-09-09,"September 9, 1999",Thursday,September,9,252,0,0,1999-09-11,37,9,09-1999,1999-09,Q3,1999-Q3,1999,0,1, no event
1999-09-10,"September 10, 1999",Friday,September,10,253,0,0,1999-09-11,37,9,09-1999,1999-09,Q3,1999-Q3,1999,0,1, no event
1999-09-11,"September 11, 1999",Saturday,September,11,254,1,0,1999-09-11,37,9,09-1999,1999-09,Q3,1999-Q3,1999,0,0, no event
1999-09-12,"September 12, 1999",Sunday,September,12,255,0,0,1999-09-18,38,9,09-1999,1999-09,Q3,1999-Q3,1999,0,0, no event
1999-09-13,"September 13, 1999",Monday,September,13,256,0,0,1999-09-18,38,9,09-1999,1999-09,Q3,1999-Q3,1999,0,1, no event
1999-09-14,"September 14, 1999",Tuesday,September,14,257,0,0,1999-09-18,38,9,09-1999,1999-09,Q3,1999-Q3,1999,0,1, no event
1999-09-15,"September 15, 1999",Wednesday,September,15,258,0,0,1999-09-18,38,9,09-1999,1999-09,Q3,1999-Q3,1999,0,1, no event
1999-09-16,"September 16, 1999",Thursday,September,16,259,0,0,1999-09-18,38,9,09-1999,1999-09,Q3,1999-Q3,1999,0,1, no event
1999-09-17,"September 17, 1999",Friday,September,17,260,0,0,1999-09-18,38,9,09-1999,1999-09,Q3,1999-Q3,1999,0,1, no event
1999-09-18,"September 18, 1999",Saturday,September,18,261,1,0,1999-09-18,38,9,09-1999,1999-09,Q3,1999-Q3,1999,0,0, no event
1999-09-19,"September 19, 1999",Sunday,September,19,262,0,0,1999-09-25,39,9,09-1999,1999-09,Q3,1999-Q3,1999,0,0, no event
1999-09-20,"September 20, 1999",Monday,September,20,263,0,0,1999-09-25,39,9,09-1999,1999-09,Q3,1999-Q3,1999,0,1, no event
1999-09-21,"September 21, 1999",Tuesday,September,21,264,0,0,1999-09-25,39,9,09-1999,1999-09,Q3,1999-Q3,1999,0,1, no event
1999-09-22,"September 22, 1999",Wednesday,September,22,265,0,0,1999-09-25,39,9,09-1999,1999-09,Q3,1999-Q3,1999,0,1, no event
1999-09-23,"September 23, 1999",Thursday,September,23,266,0,0,1999-09-25,39,9,09-1999,1999-09,Q3,1999-Q3,1999,0,1, no event
1999-09-24,"September 24, 1999",Friday,September,24,267,0,0,1999-09-25,39,9,09-1999,1999-09,Q3,1999-Q3,1999,0,1, no event
1999-09-25,"September 25, 1999",Saturday,September,25,268,1,0,1999-09-25,39,9,09-1999,1999-09,Q3,1999-Q3,1999,0,0, no event
1999-09-26,"September 26, 1999",Sunday,September,26,269,0,0,1999-10-02,40,9,09-1999,1999-09,Q3,1999-Q3,1999,0,0, no event
1999-09-27,"September 27, 1999",Monday,September,27,270,0,0,1999-10-02,40,9,09-1999,1999-09,Q3,1999-Q3,1999,0,1, no event
1999-09-28,"September 28, 1999",Tuesday,September,28,271,0,0,1999-10-02,40,9,09-1999,1999-09,Q3,1999-Q3,1999,0,1, no event
1999-09-29,"September 29, 1999",Wednesday,September,29,272,0,0,1999-10-02,40,9,09-1999,1999-09,Q3,1999-Q3,1999,0,1, no event
1999-09-30,"September 30, 1999",Thursday,September,30,273,0,1,1999-10-02,40,9,09-1999,1999-09,Q3,1999-Q3,1999,0,1, no event
1999-10-01,"October 1, 1999",Friday,October,1,274,0,0,1999-10-02,40,10,10-1999,1999-10,Q4,1999-Q4,1999,0,1, no event
1999-10-02,"October 2, 1999",Saturday,October,2,275,1,0,1999-10-02,40,10,10-1999,1999-10,Q4,1999-Q4,1999,0,0, no event
1999-10-03,"October 3, 1999",Sunday,October,3,276,0,0,1999-10-09,41,10,10-1999,1999-10,Q4,1999-Q4,1999,0,0, no event
1999-10-04,"October 4, 1999",Monday,October,4,277,0,0,1999-10-09,41,10,10-1999,1999-10,Q4,1999-Q4,1999,0,1, no event
1999-10-05,"October 5, 1999",Tuesday,October,5,278,0,0,1999-10-09,41,10,10-1999,1999-10,Q4,1999-Q4,1999,0,1, no event
1999-10-06,"October 6, 1999",Wednesday,October,6,279,0,0,1999-10-09,41,10,10-1999,1999-10,Q4,1999-Q4,1999,0,1, no event
1999-10-07,"October 7, 1999",Thursday,October,7,280,0,0,1999-10-09,41,10,10-1999,1999-10,Q4,1999-Q4,1999,0,1, no event
1999-10-08,"October 8, 1999",Friday,October,8,281,0,0,1999-10-09,41,10,10-1999,1999-10,Q4,1999-Q4,1999,0,1, no event
1999-10-09,"October 9, 1999",Saturday,October,9,282,1,0,1999-10-09,41,10,10-1999,1999-10,Q4,1999-Q4,1999,0,0, no event
1999-10-10,"October 10, 1999",Sunday,October,10,283,0,0,1999-10-16,42,10,10-1999,1999-10,Q4,1999-Q4,1999,0,0, no event
1999-10-11,"October 11, 1999",Monday,October,11,284,0,0,1999-10-16,42,10,10-1999,1999-10,Q4,1999-Q4,1999,0,1, no event
1999-10-12,"October 12, 1999",Tuesday,October,12,285,0,0,1999-10-16,42,10,10-1999,1999-10,Q4,1999-Q4,1999,0,1, no event
1999-10-13,"October 13, 1999",Wednesday,October,13,286,0,0,1999-10-16,42,10,10-1999,1999-10,Q4,1999-Q4,1999,0,1, no event
1999-10-14,"October 14, 1999",Thursday,October,14,287,0,0,1999-10-16,42,10,10-1999,1999-10,Q4,1999-Q4,1999,0,1, no event
1999-10-15,"October 15, 1999",Friday,October,15,288,0,0,1999-10-16,42,10,10-1999,1999-10,Q4,1999-Q4,1999,0,1, no event
1999-10-16,"October 16, 1999",Saturday,October,16,289,1,0,1999-10-16,42,10,10-1999,1999-10,Q4,1999-Q4,1999,0,0, no event
1999-10-17,"October 17, 1999",Sunday,October,17,290,0,0,1999-10-23,43,10,10-1999,1999-10,Q4,1999-Q4,1999,0,0, no event
1999-10-18,"October 18, 1999",Monday,October,18,291,0,0,1999-10-23,43,10,10-1999,1999-10,Q4,1999-Q4,1999,0,1, no event
1999-10-19,"October 19, 1999",Tuesday,October,19,292,0,0,1999-10-23,43,10,10-1999,1999-10,Q4,1999-Q4,1999,0,1, no event
1999-10-20,"October 20, 1999",Wednesday,October,20,293,0,0,1999-10-23,43,10,10-1999,1999-10,Q4,1999-Q4,1999,0,1, no event
1999-10-21,"October 21, 1999",Thursday,October,21,294,0,0,1999-10-23,43,10,10-1999,1999-10,Q4,1999-Q4,1999,0,1, no event
1999-10-22,"October 22, 1999",Friday,October,22,295,0,0,1999-10-23,43,10,10-1999,1999-10,Q4,1999-Q4,1999,0,1, no event
1999-10-23,"October 23, 1999",Saturday,October,23,296,1,0,1999-10-23,43,10,10-1999,1999-10,Q4,1999-Q4,1999,0,0, no event
1999-10-24,"October 24, 1999",Sunday,October,24,297,0,0,1999-10-30,44,10,10-1999,1999-10,Q4,1999-Q4,1999,0,0, no event
1999-10-25,"October 25, 1999",Monday,October,25,298,0,0,1999-10-30,44,10,10-1999,1999-10,Q4,1999-Q4,1999,0,1, no event
1999-10-26,"October 26, 1999",Tuesday,October,26,299,0,0,1999-10-30,44,10,10-1999,1999-10,Q4,1999-Q4,1999,0,1, no event
1999-10-27,"October 27, 1999",Wednesday,October,27,300,0,0,1999-10-30,44,10,10-1999,1999-10,Q4,1999-Q4,1999,0,1, no event
1999-10-28,"October 28, 1999",Thursday,October,28,301,0,0,1999-10-30,44,10,10-1999,1999-10,Q4,1999-Q4,1999,0,1, no event
1999-10-29,"October 29, 1999",Friday,October,29,302,0,0,1999-10-30,44,10,10-1999,1999-10,Q4,1999-Q4,1999,0,1, no event
1999-10-30,"October 30, 1999",Saturday,October,30,303,1,0,1999-10-30,44,10,10-1999,1999-10,Q4,1999-Q4,1999,0,0, no event
1999-10-31,"October 31, 1999",Sunday,October,31,304,0,1,1999-11-06,45,10,10-1999,1999-10,Q4,1999-Q4,1999,0,0, no event
1999-11-01,"November 1, 1999",Monday,November,1,305,0,0,1999-11-06,45,11,11-1999,1999-11,Q4,1999-Q4,1999,0,1, no event
1999-11-02,"November 2, 1999",Tuesday,November,2,306,0,0,1999-11-06,45,11,11-1999,1999-11,Q4,1999-Q4,1999,0,1, no event
1999-11-03,"November 3, 1999",Wednesday,November,3,307,0,0,1999-11-06,45,11,11-1999,1999-11,Q4,1999-Q4,1999,0,1, no event
1999-11-04,"November 4, 1999",Thursday,November,4,308,0,0,1999-11-06,45,11,11-1999,1999-11,Q4,1999-Q4,1999,0,1, no event
1999-11-05,"November 5, 1999",Friday,November,5,309,0,0,1999-11-06,45,11,11-1999,1999-11,Q4,1999-Q4,1999,0,1, no event
1999-11-06,"November 6, 1999",Saturday,November,6,310,1,0,1999-11-06,45,11,11-1999,1999-11,Q4,1999-Q4,1999,0,0, no event
1999-11-07,"November 7, 1999",Sunday,November,7,311,0,0,1999-11-13,46,11,11-1999,1999-11,Q4,1999-Q4,1999,0,0, no event
1999-11-08,"November 8, 1999",Monday,November,8,312,0,0,1999-11-13,46,11,11-1999,1999-11,Q4,1999-Q4,1999,0,1, no event
1999-11-09,"November 9, 1999",Tuesday,November,9,313,0,0,1999-11-13,46,11,11-1999,1999-11,Q4,1999-Q4,1999,0,1, no event
1999-11-10,"November 10, 1999",Wednesday,November,10,314,0,0,1999-11-13,46,11,11-1999,1999-11,Q4,1999-Q4,1999,0,1, no event
1999-11-11,"November 11, 1999",Thursday,November,11,315,0,0,1999-11-13,46,11,11-1999,1999-11,Q4,1999-Q4,1999,0,1, no event
1999-11-12,"November 12, 1999",Friday,November,12,316,0,0,1999-11-13,46,11,11-1999,1999-11,Q4,1999-Q4,1999,0,1, no event
1999-11-13,"November 13, 1999",Saturday,November,13,317,1,0,1999-11-13,46,11,11-1999,1999-11,Q4,1999-Q4,1999,0,0, no event
1999-11-14,"November 14, 1999",Sunday,November,14,318,0,0,1999-11-20,47,11,11-1999,1999-11,Q4,1999-Q4,1999,0,0, no event
1999-11-15,"November 15, 1999",Monday,November,15,319,0,0,1999-11-20,47,11,11-1999,1999-11,Q4,1999-Q4,1999,0,1, no event
1999-11-16,"November 16, 1999",Tuesday,November,16,320,0,0,1999-11-20,47,11,11-1999,1999-11,Q4,1999-Q4,1999,0,1, no event
1999-11-17,"November 17, 1999",Wednesday,November,17,321,0,0,1999-11-20,47,11,11-1999,1999-11,Q4,1999-Q4,1999,0,1, no event
1999-11-18,"November 18, 1999",Thursday,November,18,322,0,0,1999-11-20,47,11,11-1999,1999-11,Q4,1999-Q4,1999,0,1, no event
1999-11-19,"November 19, 1999",Friday,November,19,323,0,0,1999-11-20,47,11,11-1999,1999-11,Q4,1999-Q4,1999,0,1, no event
1999-11-20,"November 20, 1999",Saturday,November,20,324,1,0,1999-11-20,47,11,11-1999,1999-11,Q4,1999-Q4,1999,0,0, no event
1999-11-21,"November 21, 1999",Sunday,November,21,325,0,0,1999-11-27,48,11,11-1999,1999-11,Q4,1999-Q4,1999,0,0, no event
1999-11-22,"November 22, 1999",Monday,November,22,326,0,0,1999-11-27,48,11,11-1999,1999-11,Q4,1999-Q4,1999,0,1, no event
1999-11-23,"November 23, 1999",Tuesday,November,23,327,0,0,1999-11-27,48,11,11-1999,1999-11,Q4,1999-Q4,1999,0,1, no event
1999-11-24,"November 24, 1999",Wednesday,November,24,328,0,0,1999-11-27,48,11,11-1999,1999-11,Q4,1999-Q4,1999,0,1, no event
1999-11-25,"November 25, 1999",Thursday,November,25,329,0,0,1999-11-27,48,11,11-1999,1999-11,Q4,1999-Q4,1999,1,1,Thanksgiving Day
1999-11-26,"November 26, 1999",Friday,November,26,330,0,0,1999-11-27,48,11,11-1999,1999-11,Q4,1999-Q4,1999,1,1,Thanksgiving
1999-11-27,"November 27, 1999",Saturday,November,27,331,1,0,1999-11-27,48,11,11-1999,1999-11,Q4,1999-Q4,1999,0,0, no event
1999-11-28,"November 28, 1999",Sunday,November,28,332,0,0,1999-12-04,49,11,11-1999,1999-11,Q4,1999-Q4,1999,0,0, no event
1999-11-29,"November 29, 1999",Monday,November,29,333,0,0,1999-12-04,49,11,11-1999,1999-11,Q4,1999-Q4,1999,0,1, no event
1999-11-30,"November 30, 1999",Tuesday,November,30,334,0,1,1999-12-04,49,11,11-1999,1999-11,Q4,1999-Q4,1999,0,1, no event
1999-12-01,"December 1, 1999",Wednesday,December,1,335,0,0,1999-12-04,49,12,12-1999,1999-12,Q4,1999-Q4,1999,0,1, no event
1999-12-02,"December 2, 1999",Thursday,December,2,336,0,0,1999-12-04,49,12,12-1999,1999-12,Q4,1999-Q4,1999,0,1, no event
1999-12-03,"December 3, 1999",Friday,December,3,337,0,0,1999-12-04,49,12,12-1999,1999-12,Q4,1999-Q4,1999,0,1, no event
1999-12-04,"December 4, 1999",Saturday,December,4,338,1,0,1999-12-04,49,12,12-1999,1999-12,Q4,1999-Q4,1999,0,0, no event
1999-12-05,"December 5, 1999",Sunday,December,5,339,0,0,1999-12-11,50,12,12-1999,1999-12,Q4,1999-Q4,1999,0,0, no event
1999-12-06,"December 6, 1999",Monday,December,6,340,0,0,1999-12-11,50,12,12-1999,1999-12,Q4,1999-Q4,1999,0,1, no event
1999-12-07,"December 7, 1999",Tuesday,December,7,341,0,0,1999-12-11,50,12,12-1999,1999-12,Q4,1999-Q4,1999,0,1, no event
1999-12-08,"December 8, 1999",Wednesday,December,8,342,0,0,1999-12-11,50,12,12-1999,1999-12,Q4,1999-Q4,1999,0,1, no event
1999-12-09,"December 9, 1999",Thursday,December,9,343,0,0,1999-12-11,50,12,12-1999,1999-12,Q4,1999-Q4,1999,0,1, no event
1999-12-10,"December 10, 1999",Friday,December,10,344,0,0,1999-12-11,50,12,12-1999,1999-12,Q4,1999-Q4,1999,0,1, no event
1999-12-11,"December 11, 1999",Saturday,December,11,345,1,0,1999-12-11,50,12,12-1999,1999-12,Q4,1999-Q4,1999,0,0, no event
1999-12-12,"December 12, 1999",Sunday,December,12,346,0,0,1999-12-18,51,12,12-1999,1999-12,Q4,1999-Q4,1999,0,0, no event
1999-12-13,"December 13, 1999",Monday,December,13,347,0,0,1999-12-18,51,12,12-1999,1999-12,Q4,1999-Q4,1999,0,1, no event
1999-12-14,"December 14, 1999",Tuesday,December,14,348,0,0,1999-12-18,51,12,12-1999,1999-12,Q4,1999-Q4,1999,0,1, no event
1999-12-15,"December 15, 1999",Wednesday,December,15,349,0,0,1999-12-18,51,12,12-1999,1999-12,Q4,1999-Q4,1999,0,1, no event
1999-12-16,"December 16, 1999",Thursday,December,16,350,0,0,1999-12-18,51,12,12-1999,1999-12,Q4,1999-Q4,1999,0,1, no event
1999-12-17,"December 17, 1999",Friday,December,17,351,0,0,1999-12-18,51,12,12-1999,1999-12,Q4,1999-Q4,1999,0,1, no event
1999-12-18,"December 18, 1999",Saturday,December,18,352,1,0,1999-12-18,51,12,12-1999,1999-12,Q4,1999-Q4,1999,0,0, no event
1999-12-19,"December 19, 1999",Sunday,December,19,353,0,0,1999-12-25,52,12,12-1999,1999-12,Q4,1999-Q4,1999,0,0, no event
1999-12-20,"December 20, 1999",Monday,December,20,354,0,0,1999-12-25,52,12,12-1999,1999-12,Q4,1999-Q4,1999,0,1, no event
1999-12-21,"December 21, 1999",Tuesday,December,21,355,0,0,1999-12-25,52,12,12-1999,1999-12,Q4,1999-Q4,1999,0,1, no event
1999-12-22,"December 22, 1999",Wednesday,December,22,356,0,0,1999-12-25,52,12,12-1999,1999-12,Q4,1999-Q4,1999,0,1, no event
1999-12-23,"December 23, 1999",Thursday,December,23,357,0,0,1999-12-25,52,12,12-1999,1999-12,Q4,1999-Q4,1999,0,1, no event
1999-12-24,"December 24, 1999",Friday,December,24,358,0,0,1999-12-25,52,12,12-1999,1999-12,Q4,1999-Q4,1999,1,1,Christmas Eve
1999-12-25,"December 25, 1999",Saturday,December,25,359,1,0,1999-12-25,52,12,12-1999,1999-12,Q4,1999-Q4,1999,1,0,Christmas Day
1999-12-26,"December 26, 1999",Sunday,December,26,360,0,0,2000-01-01,1,12,12-1999,1999-12,Q4,1999-Q4,1999,0,0, no event
1999-12-27,"December 27, 1999",Monday,December,27,361,0,0,2000-01-01,1,12,12-1999,1999-12,Q4,1999-Q4,1999,1,1,Christmas Day Observed
1999-12-28,"December 28, 1999",Tuesday,December,28,362,0,0,2000-01-01,1,12,12-1999,1999-12,Q4,1999-Q4,1999,0,1, no event
1999-12-29,"December 29, 1999",Wednesday,December,29,363,0,0,2000-01-01,1,12,12-1999,1999-12,Q4,1999-Q4,1999,0,1, no event
1999-12-30,"December 30, 1999",Thursday,December,30,364,0,0,2000-01-01,1,12,12-1999,1999-12,Q4,1999-Q4,1999,0,1, no event
1999-12-31,"December 31, 1999",Friday,December,31,365,0,1,2000-01-01,1,12,12-1999,1999-12,Q4,1999-Q4,1999,1,1,New Years Eve
2000-01-01,"January 1, 2000",Saturday,January,1,1,1,0,2000-01-01,1,1,01-2000,2000-01,Q1,2000-Q1,2000,1,0,New Years Day
2000-01-02,"January 2, 2000",Sunday,January,2,2,0,0,2000-01-08,2,1,01-2000,2000-01,Q1,2000-Q1,2000,0,0, no event
2000-01-03,"January 3, 2000",Monday,January,3,3,0,0,2000-01-08,2,1,01-2000,2000-01,Q1,2000-Q1,2000,1,1,New Years Day Observed
2000-01-04,"January 4, 2000",Tuesday,January,4,4,0,0,2000-01-08,2,1,01-2000,2000-01,Q1,2000-Q1,2000,0,1, no event
2000-01-05,"January 5, 2000",Wednesday,January,5,5,0,0,2000-01-08,2,1,01-2000,2000-01,Q1,2000-Q1,2000,0,1, no event
2000-01-06,"January 6, 2000",Thursday,January,6,6,0,0,2000-01-08,2,1,01-2000,2000-01,Q1,2000-Q1,2000,0,1, no event
2000-01-07,"January 7, 2000",Friday,January,7,7,0,0,2000-01-08,2,1,01-2000,2000-01,Q1,2000-Q1,2000,0,1, no event
2000-01-08,"January 8, 2000",Saturday,January,8,8,1,0,2000-01-08,2,1,01-2000,2000-01,Q1,2000-Q1,2000,0,0, no event
2000-01-09,"January 9, 2000",Sunday,January,9,9,0,0,2000-01-15,3,1,01-2000,2000-01,Q1,2000-Q1,2000,0,0, no event
2000-01-10,"January 10, 2000",Monday,January,10,10,0,0,2000-01-15,3,1,01-2000,2000-01,Q1,2000-Q1,2000,0,1, no event
2000-01-11,"January 11, 2000",Tuesday,January,11,11,0,0,2000-01-15,3,1,01-2000,2000-01,Q1,2000-Q1,2000,0,1, no event
2000-01-12,"January 12, 2000",Wednesday,January,12,12,0,0,2000-01-15,3,1,01-2000,2000-01,Q1,2000-Q1,2000,0,1, no event
2000-01-13,"January 13, 2000",Thursday,January,13,13,0,0,2000-01-15,3,1,01-2000,2000-01,Q1,2000-Q1,2000,0,1, no event
2000-01-14,"January 14, 2000",Friday,January,14,14,0,0,2000-01-15,3,1,01-2000,2000-01,Q1,2000-Q1,2000,0,1, no event
2000-01-15,"January 15, 2000",Saturday,January,15,15,1,0,2000-01-15,3,1,01-2000,2000-01,Q1,2000-Q1,2000,0,0, no event
2000-01-16,"January 16, 2000",Sunday,January,16,16,0,0,2000-01-22,4,1,01-2000,2000-01,Q1,2000-Q1,2000,0,0, no event
2000-01-17,"January 17, 2000",Monday,January,17,17,0,0,2000-01-22,4,1,01-2000,2000-01,Q1,2000-Q1,2000,0,1, no event
2000-01-18,"January 18, 2000",Tuesday,January,18,18,0,0,2000-01-22,4,1,01-2000,2000-01,Q1,2000-Q1,2000,0,1, no event
2000-01-19,"January 19, 2000",Wednesday,January,19,19,0,0,2000-01-22,4,1,01-2000,2000-01,Q1,2000-Q1,2000,0,1, no event
2000-01-20,"January 20, 2000",Thursday,January,20,20,0,0,2000-01-22,4,1,01-2000,2000-01,Q1,2000-Q1,2000,0,1, no event
2000-01-21,"January 21, 2000",Friday,January,21,21,0,0,2000-01-22,4,1,01-2000,2000-01,Q1,2000-Q1,2000,0,1, no event
2000-01-22,"January 22, 2000",Saturday,January,22,22,1,0,2000-01-22,4,1,01-2000,2000-01,Q1,2000-Q1,2000,0,0, no event
2000-01-23,"January 23, 2000",Sunday,January,23,23,0,0,2000-01-29,5,1,01-2000,2000-01,Q1,2000-Q1,2000,0,0, no event
2000-01-24,"January 24, 2000",Monday,January,24,24,0,0,2000-01-29,5,1,01-2000,2000-01,Q1,2000-Q1,2000,0,1, no event
2000-01-25,"January 25, 2000",Tuesday,January,25,25,0,0,2000-01-29,5,1,01-2000,2000-01,Q1,2000-Q1,2000,0,1, no event
2000-01-26,"January 26, 2000",Wednesday,January,26,26,0,0,2000-01-29,5,1,01-2000,2000-01,Q1,2000-Q1,2000,0,1, no event
2000-01-27,"January 27, 2000",Thursday,January,27,27,0,0,2000-01-29,5,1,01-2000,2000-01,Q1,2000-Q1,2000,0,1, no event
2000-01-28,"January 28, 2000",Friday,January,28,28,0,0,2000-01-29,5,1,01-2000,2000-01,Q1,2000-Q1,2000,0,1, no event
2000-01-29,"January 29, 2000",Saturday,January,29,29,1,0,2000-01-29,5,1,01-2000,2000-01,Q1,2000-Q1,2000,0,0, no event
2000-01-30,"January 30, 2000",Sunday,January,30,30,0,0,2000-02-05,6,1,01-2000,2000-01,Q1,2000-Q1,2000,0,0, no event
2000-01-31,"January 31, 2000",Monday,January,31,31,0,1,2000-02-05,6,1,01-2000,2000-01,Q1,2000-Q1,2000,0,1, no event
2000-02-01,"February 1, 2000",Tuesday,February,1,32,0,0,2000-02-05,6,2,02-2000,2000-02,Q1,2000-Q1,2000,0,1, no event
2000-02-02,"February 2, 2000",Wednesday,February,2,33,0,0,2000-02-05,6,2,02-2000,2000-02,Q1,2000-Q1,2000,0,1, no event
2000-02-03,"February 3, 2000",Thursday,February,3,34,0,0,2000-02-05,6,2,02-2000,2000-02,Q1,2000-Q1,2000,0,1, no event
2000-02-04,"February 4, 2000",Friday,February,4,35,0,0,2000-02-05,6,2,02-2000,2000-02,Q1,2000-Q1,2000,0,1, no event
